{"cameraMode":{"drawMode":0,"name":"Shaded","section":"Shading Mode"},"sceneLighting":false,"audioPlay":false,"sceneViewState":{"showFog":true,"showMaterialUpdate":false,"showSkybox":false,"showFlares":true,"showImageEffects":true,"showParticleSystems":true},"in2DMode":false,"pivot":{"x":-0.000335693359375,"y":-0.0035400390625,"z":-0.00311279296875},"rotation":{"x":-0.26400455832481387,"y":0.1597207635641098,"z":-0.04395908862352371,"w":-0.9503459334373474},"size":0.38891851902008059,"orthographic":true}